SequenceNames,Region,Continent,Year
A/New_York/52/2004,North,NorthAmerica,2004
A/New_York/33/2004,North,NorthAmerica,2004
A/New_York/10/2004,North,NorthAmerica,2004
A/New_York/5/2004,North,NorthAmerica,2004
A/New_York/361/2005,North,NorthAmerica,2005
A/New_York/378/2005,North,NorthAmerica,2005
A/New_York/387/2004,North,NorthAmerica,2004
A/New_York/379/2004,North,NorthAmerica,2004
A/New_York/391/2005,North,NorthAmerica,2005
A/New_York/392/2004,North,NorthAmerica,2004
A/New_York/356/2004,North,NorthAmerica,2004
A/New_York/371/2004,North,NorthAmerica,2004
A/New_York/98/2004,North,NorthAmerica,2004
A/New_York/388/2005,North,NorthAmerica,2005
A/New_York/360/2004,North,NorthAmerica,2004
A/New_York/362/2004,North,NorthAmerica,2004
A/New_York/334/2004,North,NorthAmerica,2004
A/New_York/365/2004,North,NorthAmerica,2004
A/New_York/358/2004,North,NorthAmerica,2004
A/New_York/380/2004,North,NorthAmerica,2004
A/New_York/319/2004,North,NorthAmerica,2004
A/New_York/363/2004,North,NorthAmerica,2004
A/New_York/394/2005,North,NorthAmerica,2005
A/New_York/395/2005,North,NorthAmerica,2005
A/New_York/376/2005,North,NorthAmerica,2005
A/New_York/123/2004,North,NorthAmerica,2004
A/New_York/236/2004,North,NorthAmerica,2004
A/New_York/237/2004,North,NorthAmerica,2004
A/New_York/463/2005,North,NorthAmerica,2005
A/New_York/355/2004,North,NorthAmerica,2004
A/Hong_Kong/CUHK52390/2004,North,Asia,2004
A/New_York/470/2004,North,NorthAmerica,2004
A/New_York/243/2005,North,NorthAmerica,2005
A/New_York/462/2005,North,NorthAmerica,2005
A/New_York/466/2004,North,NorthAmerica,2004
A/New_York/4/2006,North,NorthAmerica,2006
A/New_York/928/2006,North,NorthAmerica,2006
A/New_York/933/2006,North,NorthAmerica,2006
A/New_York/923/2006,North,NorthAmerica,2006
A/New_York/938/2006,North,NorthAmerica,2006
A/Hong_Kong/CUHK10297/2005,North,Asia,2005
A/Hong_Kong/CUHK7711/2005,North,Asia,2005
A/Hong_Kong/HKU52/2005,North,Asia,2005
A/Hong_Kong/HKU78/2005,North,Asia,2005
A/New_Jersey/NHRC0001/2005,North,NorthAmerica,2005
A/Hawaii/06/2006,North,NorthAmerica,2006
A/Washington/01/2007,North,NorthAmerica,2007
A/Wisconsin/45/2006,North,NorthAmerica,2006
A/Florida/01/2007,North,NorthAmerica,2007
A/North_Carolina/02/2007,North,NorthAmerica,2007
A/Illinois/UR06-0567/2007,North,NorthAmerica,2007
A/Colorado/UR06-0206/2007,North,NorthAmerica,2007
A/California/UR06-0347/2007,North,NorthAmerica,2007
A/New_York/UR06-0515/2007,North,NorthAmerica,2007
A/New_York/UR06-0040/2007,North,NorthAmerica,2007
A/New_York/UR06-0529/2007,North,NorthAmerica,2007
A/California/UR06-0118/2007,North,NorthAmerica,2007
A/Texas/UR06-0480/2007,North,NorthAmerica,2007
A/Florida/UR06-0150/2007,North,NorthAmerica,2007
A/Texas/UR06-0418/2007,North,NorthAmerica,2007
A/Alabama/UR06-0545/2007,North,NorthAmerica,2007
A/Vermont/UR06-0470/2007,North,NorthAmerica,2007
A/Kentucky/UR06-0370/2007,North,NorthAmerica,2007
A/Illinois/UR06-0036/2007,North,NorthAmerica,2007
A/California/UR06-0547/2007,North,NorthAmerica,2007
A/Colorado/UR06-0558/2007,North,NorthAmerica,2007
A/Wyoming/02/2006,North,NorthAmerica,2006
A/Colorado/05/2006,North,NorthAmerica,2006
A/Colorado/03/2007,North,NorthAmerica,2007
A/Colorado/04/2007,North,NorthAmerica,2007
A/New_Mexico/01/2007,North,NorthAmerica,2007
A/New_Mexico/02/2007,North,NorthAmerica,2007
A/Texas/03/2007,North,NorthAmerica,2007
A/Texas/04/2007,North,NorthAmerica,2007
A/Missouri/02/2007,North,NorthAmerica,2007
A/Indiana/01/2007,North,NorthAmerica,2007
A/Indiana/02/2007,North,NorthAmerica,2007
A/New_York/02/2007,North,NorthAmerica,2007
A/New_York/03/2007,North,NorthAmerica,2007
A/Wisconsin/02/2007,North,NorthAmerica,2007
A/Idaho/02/2007,North,NorthAmerica,2007
A/New_Jersey/02/2007,North,NorthAmerica,2007
A/New_Jersey/05/2007,North,NorthAmerica,2007
A/Minnesota/09/2007,North,NorthAmerica,2007
A/Virginia/01/2007,North,NorthAmerica,2007
A/Colorado/15/2007,North,NorthAmerica,2007
A/Texas/08/2007,North,NorthAmerica,2007
A/Wisconsin/27/2007,North,NorthAmerica,2007
A/Texas/10/2007,North,NorthAmerica,2007
A/Massachusetts/06/2007,North,NorthAmerica,2007
A/Pennsylvania/05/2007,North,NorthAmerica,2007
A/South_Carolina/01/2007,North,NorthAmerica,2007
A/Idaho/05/2007,North,NorthAmerica,2007
A/Wisconsin/24/2007,North,NorthAmerica,2007
A/Vermont/01/2007,North,NorthAmerica,2007
A/South_Dakota/02/2007,North,NorthAmerica,2007
A/Vermont/05/2007,North,NorthAmerica,2007
A/Washington/14/2007,North,NorthAmerica,2007
A/Idaho/10/2007,North,NorthAmerica,2007
A/Minnesota/08/2007,North,NorthAmerica,2007
A/Washington/20/2007,North,NorthAmerica,2007
A/Idaho/09/2007,North,NorthAmerica,2007
A/Rhode_Island/03/2007,North,NorthAmerica,2007
A/Alaska/06/2007,North,NorthAmerica,2007
A/Texas/11/2007,North,NorthAmerica,2007
A/South_Dakota/01/2007,North,NorthAmerica,2007
A/Minnesota/17/2007,North,NorthAmerica,2007
A/Wyoming/04/2007,North,NorthAmerica,2007
A/Minnesota/16/2007,North,NorthAmerica,2007
A/Virginia/UR06-0021/2007,North,NorthAmerica,2007
A/Colorado/UR06-0023/2007,North,NorthAmerica,2007
A/Washington/UR06-0225/2007,North,NorthAmerica,2007
A/Oregon/UR06-0450/2007,North,NorthAmerica,2007
A/Wisconsin/67/2005,North,NorthAmerica,2005
A/Ohio/UR06-0410/2007,North,NorthAmerica,2007
A/Colorado/UR06-022/2007,North,NorthAmerica,2007
A/Texas/UR06-0358/2007,North,NorthAmerica,2007
A/California/UR06-0463/2007,North,NorthAmerica,2007
A/Oregon/UR06-0221/2007,North,NorthAmerica,2007
A/Kentucky/UR06-0044/2007,North,NorthAmerica,2007
A/Illinois/UR06-0600/2007,North,NorthAmerica,2007
A/Virginia/UR06-0605/2007,North,NorthAmerica,2007
A/Delaware/13/2007,North,NorthAmerica,2007
A/Ohio/06/2006,North,NorthAmerica,2006
A/Georgia/05/2007,North,NorthAmerica,2007
A/Ohio/07/2006,North,NorthAmerica,2006
A/Michigan/07/2007,North,NorthAmerica,2007
A/New_Jersey/14/2007,North,NorthAmerica,2007
A/Hawaii/12/2007,North,NorthAmerica,2007
A/Hawaii/13/2007,North,NorthAmerica,2007
A/Georgia/07/2007,North,NorthAmerica,2007
A/Michigan/08/2007,North,NorthAmerica,2007
A/Texas/35/2007,North,NorthAmerica,2007
A/New_York/13/2007,North,NorthAmerica,2007
A/Texas/34/2007,North,NorthAmerica,2007
A/Massachusetts/12/2007,North,NorthAmerica,2007
A/Georgia/06/2007,North,NorthAmerica,2007
A/Alaska/05/2007,North,NorthAmerica,2007
A/Michigan/10/2007,North,NorthAmerica,2007
A/Colorado/14/2007,North,NorthAmerica,2007
A/Texas/33/2007,North,NorthAmerica,2007
A/Hawaii/14/2007,North,NorthAmerica,2007
A/Texas/37/2007,North,NorthAmerica,2007
A/Texas/63/2007,North,NorthAmerica,2007
A/Texas/68/2007,North,NorthAmerica,2007
A/California/30/2007,North,NorthAmerica,2007
A/Texas/36/2007,North,NorthAmerica,2007
A/Florida/04/2007,North,NorthAmerica,2007
A/Montana/05/2007,North,NorthAmerica,2007
A/Texas/71/2007,North,NorthAmerica,2007
A/Texas/72/2007,North,NorthAmerica,2007
A/Florida/07/2007,North,NorthAmerica,2007
A/Wisconsin/03/2007,North,NorthAmerica,2007
A/Texas/12/2007,North,NorthAmerica,2007
A/Arizona/09/2007,North,NorthAmerica,2007
A/New_Jersey/19/2007,North,NorthAmerica,2007
A/Wisconsin/32/2007,North,NorthAmerica,2007
A/Arizona/10/2007,North,NorthAmerica,2007
A/Texas/91/2007,North,NorthAmerica,2007
A/Florida/11/2007,North,NorthAmerica,2007
A/California/35/2007,North,NorthAmerica,2007
A/California/33/2007,North,NorthAmerica,2007
A/Washington/36/2007,North,NorthAmerica,2007
A/Arizona/12/2007,North,NorthAmerica,2007
A/Montana/08/2007,North,NorthAmerica,2007
A/North_Carolina/05/2007,North,NorthAmerica,2007
A/Texas/95/2007,North,NorthAmerica,2007
A/Wisconsin/34/2007,North,NorthAmerica,2007
A/Missouri/06/2007,North,NorthAmerica,2007
A/Arkansas/02/2008,North,NorthAmerica,2008
A/Wisconsin/33/2007,North,NorthAmerica,2007
A/Arkansas/04/2008,North,NorthAmerica,2008
A/Morioka/17/2006,North,Asia,2006
A/Morioka/18/2006,North,Asia,2006
A/Morioka/22/2006,North,Asia,2006
A/Wisconsin/07/2008,North,NorthAmerica,2008
A/Maryland/03/2008,North,NorthAmerica,2008
A/Texas/04/2008,North,NorthAmerica,2008
A/Texas/02/2008,North,NorthAmerica,2008
A/Texas/01/2008,North,NorthAmerica,2008
A/Wisconsin/05/2008,North,NorthAmerica,2008
A/Texas/03/2008,North,NorthAmerica,2008
A/South_Dakota/01/2008,North,NorthAmerica,2008
A/Mississippi/01/2008,North,NorthAmerica,2008
A/Indiana/02/2008,North,NorthAmerica,2008
A/Tennessee/02/2008,North,NorthAmerica,2008
A/Minnesota/02/2008,North,NorthAmerica,2008
A/Minnesota/04/2008,North,NorthAmerica,2008
A/Florida/07/2008,North,NorthAmerica,2008
A/Hawaii/03/2008,North,NorthAmerica,2008
A/Mississippi/05/2008,North,NorthAmerica,2008
A/Virginia/02/2008,North,NorthAmerica,2008
A/Idaho/03/2008,North,NorthAmerica,2008
A/Wisconsin/10/2008,North,NorthAmerica,2008
A/Texas/05/2008,North,NorthAmerica,2008
A/Louisiana/04/2008,North,NorthAmerica,2008
A/Louisiana/05/2008,North,NorthAmerica,2008
A/New_York/06/2008,North,NorthAmerica,2008
A/Nebraska/03/2008,North,NorthAmerica,2008
A/Texas/06/2008,North,NorthAmerica,2008
A/Iowa/02/2008,North,NorthAmerica,2008
A/Hong_Kong/CUHK12316/2005,North,Asia,2005
A/Hong_Kong/CUHK12420/2005,North,Asia,2005
A/Hong_Kong/CUHK13126/2004,North,Asia,2004
A/Hong_Kong/CUHK21164/2004,North,Asia,2004
A/Hong_Kong/CUHK21259/2004,North,Asia,2004
A/Hong_Kong/CUHK24289/2004,North,Asia,2004
A/Hong_Kong/CUHK33677/2004,North,Asia,2004
A/Hong_Kong/CUHK33851/2004,North,Asia,2004
A/Hong_Kong/CUHK33894/2004,North,Asia,2004
A/Hong_Kong/CUHK35013/2004,North,Asia,2004
A/Hong_Kong/CUHK35117/2004,North,Asia,2004
A/Hong_Kong/CUHK40022/2005,North,Asia,2005
A/Hong_Kong/CUHK40139/2005,North,Asia,2005
A/Hong_Kong/CUHK42241/2005,North,Asia,2005
A/Hong_Kong/CUHK43751/2005,North,Asia,2005
A/Hong_Kong/CUHK50372/2004,North,Asia,2004
A/Hong_Kong/CUHK53005/2006,North,Asia,2006
A/Hong_Kong/CUHK53726/2004,North,Asia,2004
A/Hong_Kong/CUHK6422/2005,North,Asia,2005
A/Hong_Kong/CUHK6554/2004,North,Asia,2004
A/Hong_Kong/CUHK6898/2005,North,Asia,2005
A/Hong_Kong/CUHK7047/2005,North,Asia,2005
A/Hong_Kong/CUHK7221/2005,North,Asia,2005
A/Hong_Kong/CUHK7546/2005,North,Asia,2005
A/Minnesota/05/2008,North,NorthAmerica,2008
A/Florida/10/2008,North,NorthAmerica,2008
A/New_York/07/2008,North,NorthAmerica,2008
A/Arkansas/05/2008,North,NorthAmerica,2008
A/Washington/03/2008,North,NorthAmerica,2008
A/Tennessee/04/2008,North,NorthAmerica,2008
A/Nebraska/02/2008,North,NorthAmerica,2008
A/Washington/04/2008,North,NorthAmerica,2008
A/Vermont/02/2008,North,NorthAmerica,2008
A/Oregon/01/2008,North,NorthAmerica,2008
A/Minnesota/07/2008,North,NorthAmerica,2008
A/New_York/09/2008,North,NorthAmerica,2008
A/Washington/42/2007,North,NorthAmerica,2007
A/Mississippi/04/2008,North,NorthAmerica,2008
A/Cheongju/H380/2007,North,Asia,2007
A/Cheongju/H397/2008,North,Asia,2008
A/Cheongju/H395/2007,North,Asia,2007
A/Cheongju/H471/2008,North,Asia,2008
A/Cheongju/H412/2008,North,Asia,2008
A/Minnesota/14/2008,North,NorthAmerica,2008
A/New_Mexico/02/2008,North,NorthAmerica,2008
A/Pennsylvania/PIT06/2008,North,NorthAmerica,2008
A/Pennsylvania/PIT12/2008,North,NorthAmerica,2008
A/Pennsylvania/PIT20/2008,North,NorthAmerica,2008
A/Pennsylvania/PIT43/2008,North,NorthAmerica,2008
A/Mississippi/UR06-0197/2007,North,NorthAmerica,2007
A/Alaska/04/2008,North,NorthAmerica,2008
A/Kentucky/01/2008,North,NorthAmerica,2008
A/Texas/19/2008,North,NorthAmerica,2008
A/Ohio/14/2008,North,NorthAmerica,2008
A/California/08/2008,North,NorthAmerica,2008
A/California/09/2008,North,NorthAmerica,2008
A/Hawaii/18/2008,North,NorthAmerica,2008
A/Illinois/14/2008,North,NorthAmerica,2008
A/Texas/12/2008,North,NorthAmerica,2008
A/Texas/13/2008,North,NorthAmerica,2008
A/Missouri/05/2008,North,NorthAmerica,2008
A/New_York/08/2008,North,NorthAmerica,2008
A/Pennsylvania/PIT42/2008,North,NorthAmerica,2008
A/Mississippi/UR07-0004/2008,North,NorthAmerica,2008
A/Ohio/UR07-0089/2008,North,NorthAmerica,2008
A/Ohio/UR07-0140/2008,North,NorthAmerica,2008
A/Idaho/17/2008,North,NorthAmerica,2008
A/Montana/02/2008,North,NorthAmerica,2008
A/Massachusetts/06/2008,North,NorthAmerica,2008
A/Wisconsin/18/2008,North,NorthAmerica,2008
A/Washington/09/2008,North,NorthAmerica,2008
A/Idaho/18/2008,North,NorthAmerica,2008
A/New_York/29/2008,North,NorthAmerica,2008
A/Hawaii/47/2008,North,NorthAmerica,2008
A/Kuwait/AF03/2008,North,Asia,2008
A/Kentucky/UR07-0037/2008,North,NorthAmerica,2008
A/California/UR07-0053/2008,North,NorthAmerica,2008
A/Kentucky/UR07-0068/2008,North,NorthAmerica,2008
A/Kentucky/UR07-0081/2008,North,NorthAmerica,2008
A/Ohio/UR07-0105/2008,North,NorthAmerica,2008
A/New_York/UR07-0111/2008,North,NorthAmerica,2008
A/Kansas/UR07-0137/2008,North,NorthAmerica,2008
A/New_York/UR07-0093/2008,North,NorthAmerica,2008
A/Mississippi/UR07-0100/2008,North,NorthAmerica,2008
A/Kentucky/UR07-0109/2008,North,NorthAmerica,2008
A/Ohio/UR07-0035/2008,North,NorthAmerica,2008
A/Kentucky/UR07-0124/2008,North,NorthAmerica,2008
A/California/UR07-0063/2008,North,NorthAmerica,2008
A/Pennsylvania/PIT39/2008,North,NorthAmerica,2008
A/Hong_Kong/HKU2/2004,North,Asia,2004
A/Hong_Kong/HKU8/2004,North,Asia,2004
A/Hong_Kong/HKU11/2004,North,Asia,2004
A/Hong_Kong/HKU12/2004,North,Asia,2004
A/Hong_Kong/HKU19/2004,North,Asia,2004
A/Hong_Kong/HKU22/2004,North,Asia,2004
A/Hong_Kong/HKU31/2004,North,Asia,2004
A/Hong_Kong/HKU34/2004,North,Asia,2004
A/Hong_Kong/HKU42/2005,North,Asia,2005
A/Hong_Kong/HKU62/2005,North,Asia,2005
A/Hong_Kong/HKU68/2005,North,Asia,2005
A/Hong_Kong/HKU69/2005,North,Asia,2005
A/Hong_Kong/HKU70/2005,North,Asia,2005
A/Hong_Kong/HKU4/2004,North,Asia,2004
A/Mississippi/UR07-0042/2008,North,NorthAmerica,2008
A/Hong_Kong/HKU44/2005,North,Asia,2005
A/Hong_Kong/HKU1/2004,North,Asia,2004
A/Taiwan/70002/2007,North,Asia,2007
A/Taiwan/70113/2007,North,Asia,2007
A/Kentucky/UR07-0116/2008,North,NorthAmerica,2008
A/Hong_Kong/HKU56/2005,North,Asia,2005
A/Taiwan/70307/2007,North,Asia,2007
A/Taiwan/2361/2007,North,Asia,2007
A/Taiwan/9/2004,North,Asia,2004
A/Taiwan/70120/2008,North,Asia,2008
A/Taiwan/72106/2007,North,Asia,2007
A/Taiwan/1452/2007,North,Asia,2007
A/Hong_Kong/HKU18/2004,North,Asia,2004
A/Hong_Kong/HKU38/2004,North,Asia,2004
A/Hong_Kong/HKU75/2005,North,Asia,2005
A/Hong_Kong/HKU76/2005,North,Asia,2005
A/Colorado/15/2008,North,NorthAmerica,2008
A/Maryland/10/2008,North,NorthAmerica,2008
A/Minnesota/36/2008,North,NorthAmerica,2008
A/Texas/39/2008,North,NorthAmerica,2008
A/Wisconsin/24/2008,North,NorthAmerica,2008
A/Colorado/06/2009,North,NorthAmerica,2009
A/Maryland/02/2009,North,NorthAmerica,2009
A/Minnesota/37/2008,North,NorthAmerica,2008
A/Colorado/05/2009,North,NorthAmerica,2009
A/Hawaii/07/2009,North,NorthAmerica,2009
A/Hawaii/10/2009,North,NorthAmerica,2009
A/Oregon/03/2009,North,NorthAmerica,2009
A/Texas/03/2009,North,NorthAmerica,2009
A/Colorado/01/2009,North,NorthAmerica,2009
A/Hawaii/05/2009,North,NorthAmerica,2009
A/Indiana/10/2009,North,NorthAmerica,2009
A/Montana/04/2009,North,NorthAmerica,2009
A/Hawaii/14/2009,North,NorthAmerica,2009
A/Indiana/02/2009,North,NorthAmerica,2009
A/New_Hampshire/01/2009,North,NorthAmerica,2009
A/Pennsylvania/02/2009,North,NorthAmerica,2009
A/Hawaii/06/2009,North,NorthAmerica,2009
A/Montana/05/2009,North,NorthAmerica,2009
A/Virginia/02/2009,North,NorthAmerica,2009
A/Wyoming/02/2009,North,NorthAmerica,2009
A/Arizona/11/2009,North,NorthAmerica,2009
A/Hawaii/15/2009,North,NorthAmerica,2009
A/New_York/67/2009,North,NorthAmerica,2009
A/Hong_Kong/HKU28/2004,North,Asia,2004
A/Boston/88/2008,North,NorthAmerica,2008
A/California/VRDL383/2009,North,NorthAmerica,2009
A/California/NHRC0002/2005,North,NorthAmerica,2005
A/California/UR07-0017/2008,North,NorthAmerica,2008
A/Kentucky/UR07-0069/2008,North,NorthAmerica,2008
A/Ohio/UR07-0073/2008,North,NorthAmerica,2008
A/Kentucky/UR07-0148/2008,North,NorthAmerica,2008
A/Hong_Kong/HKU3/2004,North,Asia,2004
A/Hong_Kong/HKU6/2004,North,Asia,2004
A/Hong_Kong/HKU9/2004,North,Asia,2004
A/Hong_Kong/HKU10/2004,North,Asia,2004
A/Hong_Kong/HKU14/2004,North,Asia,2004
A/Hong_Kong/HKU15/2004,North,Asia,2004
A/Hong_Kong/HKU21/2004,North,Asia,2004
A/Hong_Kong/HKU25/2004,North,Asia,2004
A/Hong_Kong/HKU30/2004,North,Asia,2004
A/Hong_Kong/HKU40/2004,North,Asia,2004
A/Hong_Kong/HKU47/2005,North,Asia,2005
A/Hong_Kong/HKU57/2005,North,Asia,2005
A/Hong_Kong/HKU63/2005,North,Asia,2005
A/Vermont/02/2009,North,NorthAmerica,2009
A/Washington/16/2009,North,NorthAmerica,2009
A/Texas/02/2009,North,NorthAmerica,2009
A/Texas/AF01/2007,North,NorthAmerica,2008
A/New_York/UR07-0160/2008,North,NorthAmerica,2008
A/Hong_Kong/HKU73/2005,North,Asia,2005
A/Boston/2/2008,North,NorthAmerica,2008
A/Boston/3/2008,North,NorthAmerica,2008
A/Boston/5/2008,North,NorthAmerica,2008
A/Boston/19/2008,North,NorthAmerica,2008
A/Boston/20/2008,North,NorthAmerica,2008
A/Boston/23/2008,North,NorthAmerica,2008
A/Boston/29/2008,North,NorthAmerica,2008
A/Boston/39/2008,North,NorthAmerica,2008
A/Boston/46/2008,North,NorthAmerica,2008
A/Boston/78/2008,North,NorthAmerica,2008
A/Boston/96/2008,North,NorthAmerica,2008
A/California/12/2008,North,NorthAmerica,2008
A/Georgia/07/2009,North,NorthAmerica,2009
A/Texas/40/2009,North,NorthAmerica,2009
A/Oregon/08/2009,North,NorthAmerica,2009
A/Nevada/02/2008,North,NorthAmerica,2008
A/South_Carolina/14/2009,North,NorthAmerica,2009
A/New_York/1670/2009,North,NorthAmerica,2009
A/New_York/1685/2009,North,NorthAmerica,2009
A/New_York/3060/2009,North,NorthAmerica,2009
A/New_York/3079/2009,North,NorthAmerica,2009
A/New_York/3087/2009,North,NorthAmerica,2009
A/New_York/3135/2009,North,NorthAmerica,2009
A/New_York/3137/2009,North,NorthAmerica,2009
A/New_York/3146/2009,North,NorthAmerica,2009
A/New_York/3273/2009,North,NorthAmerica,2009
A/New_York/3542/2009,North,NorthAmerica,2009
A/New_York/3536/2009,North,NorthAmerica,2009
A/New_York/3738/2009,North,NorthAmerica,2009
A/Novosibirsk/1211/2009,North,Asia,2009
A/Novosibirsk/31/2009,North,Asia,2009
A/Novosibirsk/628/2009,North,Asia,2009
A/New_York/3687/2009,North,NorthAmerica,2009
A/New_York/4165/2009,North,NorthAmerica,2009
A/Nanjing/1/2009,North,Asia,2009
A/New_York/3527/2009,North,NorthAmerica,2009
A/New_York/4255/2009,North,NorthAmerica,2009
A/Egypt/N04877/2009,North,Africa,2009
A/Egypt/N08920/2009,North,Africa,2009
A/Egypt/N11354/2009,North,Africa,2009
A/Egypt/N11360/2009,North,Africa,2009
A/Egypt/N11362/2009,North,Africa,2009
A/Egypt/N11368/2009,North,Africa,2009
A/Egypt/N11380/2009,North,Africa,2009
A/Egypt/N11396/2009,North,Africa,2009
A/Egypt/N11830/2009,North,Africa,2009
A/Egypt/N12479/2009,North,Africa,2009
A/Egypt/N13417/2009,North,Africa,2009
A/Egypt/N13578/2009,North,Africa,2009
A/Egypt/N13654/2009,North,Africa,2009
A/Egypt/N13658/2009,North,Africa,2009
A/California/VRDL136/2009,North,NorthAmerica,2009
A/California/VRDL138/2009,North,NorthAmerica,2009
A/California/VRDL145/2009,North,NorthAmerica,2009
A/California/VRDL156/2009,North,NorthAmerica,2009
A/California/VRDL291/2009,North,NorthAmerica,2009
A/California/VRDL296/2009,North,NorthAmerica,2009
A/Qingdao/2144/2009,North,Asia,2009
A/Qingdao/2157/2009,North,Asia,2009
A/Qingdao/2162/2009,North,Asia,2009
A/Qingdao/2181/2009,North,Asia,2009
A/Qingdao/2199/2009,North,Asia,2009
A/Qingdao/2200/2009,North,Asia,2009
A/Qingdao/1115/2009,North,Asia,2009
A/Qingdao/1116/2009,North,Asia,2009
A/Qingdao/1118/2009,North,Asia,2009
A/Qingdao/1157/2009,North,Asia,2009
A/Qingdao/1158/2009,North,Asia,2009
A/Qingdao/1167/2009,North,Asia,2009
A/Qingdao/1231/2009,North,Asia,2009
A/Qingdao/1295/2009,North,Asia,2009
A/Qingdao/1329/2009,North,Asia,2009
A/Qingdao/1341/2009,North,Asia,2009
A/Qingdao/1346/2009,North,Asia,2009
A/Qingdao/1045/2009,North,Asia,2009
A/Qingdao/1046/2009,North,Asia,2009
A/California/VRDL176/2009,North,NorthAmerica,2009
A/California/VRDL177/2009,North,NorthAmerica,2009
A/California/VRDL288/2009,North,NorthAmerica,2009
A/California/VRDL328/2009,North,NorthAmerica,2009
A/California/VRDL339/2009,North,NorthAmerica,2009
A/California/VRDL345/2009,North,NorthAmerica,2009
A/California/VRDL352/2009,North,NorthAmerica,2009
A/California/VRDL360/2009,North,NorthAmerica,2009
A/California/VRDL361/2009,North,NorthAmerica,2009
A/California/VRDL362/2009,North,NorthAmerica,2009
A/California/VRDL166/2009,North,NorthAmerica,2009
A/California/VRDL172/2009,North,NorthAmerica,2009
A/California/VRDL211/2009,North,NorthAmerica,2009
A/California/VRDL212/2009,North,NorthAmerica,2009
A/California/VRDL233/2009,North,NorthAmerica,2009
A/California/VRDL243/2009,North,NorthAmerica,2009
A/California/VRDL250/2009,North,NorthAmerica,2009
A/California/VRDL253/2009,North,NorthAmerica,2009
A/California/VRDL259/2009,North,NorthAmerica,2009
A/California/VRDL262/2009,North,NorthAmerica,2009
A/California/VRDL263/2009,North,NorthAmerica,2009
A/California/VRDL285/2009,North,NorthAmerica,2009
A/California/VRDL293/2009,North,NorthAmerica,2009
A/California/VRDL308/2009,North,NorthAmerica,2009
A/California/VRDL313/2009,North,NorthAmerica,2009
A/California/VRDL315/2009,North,NorthAmerica,2009
A/California/VRDL318/2009,North,NorthAmerica,2009
A/California/VRDL327/2009,North,NorthAmerica,2009
A/California/VRDL333/2009,North,NorthAmerica,2009
A/California/VRDL336/2009,North,NorthAmerica,2009
A/California/VRDL338/2009,North,NorthAmerica,2009
A/California/VRDL181/2009,North,NorthAmerica,2009
A/California/VRDL183/2009,North,NorthAmerica,2009
A/California/VRDL196/2009,North,NorthAmerica,2009
A/California/VRDL204/2009,North,NorthAmerica,2009
A/California/VRDL205/2009,North,NorthAmerica,2009
A/California/VRDL207/2009,North,NorthAmerica,2009
A/California/VRDL210/2009,North,NorthAmerica,2009
A/California/VRDL384/2009,North,NorthAmerica,2009
A/California/VRDL387/2009,North,NorthAmerica,2009
A/California/VRDL390/2009,North,NorthAmerica,2009
A/Japan/WRAIR1037P/2009,North,Asia,2009
A/Korea/WRAIR1038P/2009,North,Asia,2009
A/Washington/WRAIR1057P/2009,North,NorthAmerica,2009
A/Kyrgyzstan/WRAIR1121P/2008,North,Asia,2008
A/Kuwait/WRAIR1143P/2009,North,Asia,2009
A/Alaska/WRAIR1145P/2009,North,NorthAmerica,2009
A/South_Dakota/WRAIR1177P/2009,North,NorthAmerica,2009
A/Delware/WRAIR1240/2009,North,NorthAmerica,2009
A/Korea/WRAIR1391P/2009,North,Asia,2009
A/New_York/20342/2010,North,NorthAmerica,2010
A/California/VRDL386/2009,North,NorthAmerica,2009
A/New_York/20343/2010,North,NorthAmerica,2010
A/Moscow/416/2009,North,Asia,2009
A/Moscow/402/2009,North,Asia,2009
A/Nanjing/1655/2010,North,Asia,2010
A/Nanjing/1654/2010,North,Asia,2010
A/Nanjing/1663/2010,North,Asia,2010
A/Niigata/1147/2010,North,Asia,2010
A/Denmark/105/2010,North,Europe,2010
A/New_York/3745/2009,North,NorthAmerica,2009
A/New_York/3932/2009,North,NorthAmerica,2009
A/Boston/16/2009,North,NorthAmerica,2009
A/Alabama/AF2692/2010,North,NorthAmerica,2010
A/New_York/6630/2009,North,NorthAmerica,2009
A/Vienna/28/2006,North,Europe,2006
A/New_York/3417/2009,North,NorthAmerica,2009
A/New_York/3918/2009,North,NorthAmerica,2009
A/Denmark/22/2011,North,Europe,2011
A/Boston/99/2009,North,NorthAmerica,2009
A/Georgia/NHRC0001/2004,North,NorthAmerica,2004
A/Missouri/NHRC0001/2005,North,NorthAmerica,2005
A/South_Carolina/NHRC0001/2005,North,NorthAmerica,2005
A/Illinois/NHRC0001/2005,North,NorthAmerica,2005
A/California/NHRC0001/2005,North,NorthAmerica,2005
A/Texas/NHRC0001/2006,North,NorthAmerica,2006
A/Illinois/NHRC0001/2006,North,NorthAmerica,2006
A/California/NHRC0001/2006,North,NorthAmerica,2006
A/South_Carolina/NHRC0001/2006,North,NorthAmerica,2006
A/Texas/NHRC0002/2006,North,NorthAmerica,2006
A/Missouri/NHRC0001/2006,North,NorthAmerica,2006
A/Illinois/NHRC0002/2006,North,NorthAmerica,2006
A/Missouri/NHRC0002/2004,North,NorthAmerica,2004
A/Texas/NHRC0001/2005,North,NorthAmerica,2005
A/Hong_Kong/NHRC0001/2005,North,Asia,2005
A/California/NHRC0004/2005,North,NorthAmerica,2005
A/California/NHRC0007/2005,North,NorthAmerica,2005
A/Texas/NHRC0001/2011,North,NorthAmerica,2011
A/California/NHRC0001/2011,North,NorthAmerica,2011
A/California/NHRC0001/2007,North,NorthAmerica,2007
A/California/NHRC0003/2011,North,NorthAmerica,2011
A/California/VRDL182/2009,North,NorthAmerica,2009
A/California/VRDL197/2009,North,NorthAmerica,2009
A/California/VRDL255/2009,North,NorthAmerica,2009
A/California/VRDL257/2009,North,NorthAmerica,2009
A/District_of_Columbia/WRAIR0300/2010,North,NorthAmerica,2010
A/District_of_Columbia/WRAIR0301/2010,North,NorthAmerica,2010
A/South_Korea/WRAIR1171P/2009,North,Asia,2009
A/Texas/WRAIR1239P/2009,North,NorthAmerica,2009
A/Florida/WRAIR1241P/2009,North,NorthAmerica,2009
A/Iraq/WRAIR1244P/2009,North,Asia,2009
A/Colorado/WRAIR1246P/2009,North,NorthAmerica,2009
A/New_Jersey/WRAIR1248P/2009,North,NorthAmerica,2009
A/Arkansas/WRAIR1251P/2009,North,NorthAmerica,2009
A/Iraq/WRAIR1252P/2009,North,Asia,2009
A/Kyrgyzstan/WRAIR1255P/2008,North,Asia,2008
A/Kyrgyzstan/WRAIR1256P/2008,North,Asia,2008
A/Nevada/WRAIR1258P/2009,North,NorthAmerica,2009
A/Texas/WRAIR1558P/2009,North,NorthAmerica,2009
A/Mexico_City/WRAIR1752T/2010,North,NorthAmerica,2010
A/District_of_Columbia/WRAIR1753P/2010,North,NorthAmerica,2010
A/Belgrade/WRAIR2379N/2010,North,Europe,2010
A/Mexico_City/WRAIR3570T/2010,North,NorthAmerica,2010
A/Mexico_City/WRAIR3571N/2010,North,NorthAmerica,2010
A/Mexico_City/WRAIR4139N/2010,North,NorthAmerica,2010
A/Guangdong/04/2007,North,Asia,2007
A/Guangdong/15/2007,North,Asia,2007
A/Guangdong/30/2007,North,Asia,2007
A/Guangdong/314/2008,North,Asia,2008
A/Guangdong/322/2010,North,Asia,2010
A/Guangdong/423/2009,North,Asia,2009
A/Guangdong/429/2010,North,Asia,2010
A/Guangdong/441/2010,North,Asia,2010
A/Guangdong/460/2010,North,Asia,2010
A/Guangdong/472/2009,North,Asia,2009
A/Guangdong/522/2009,North,Asia,2009
A/Guangdong/548/2008,North,Asia,2008
A/Guangdong/560/2009,North,Asia,2009
A/Guangdong/578/2008,North,Asia,2008
A/Mexico/UASLP-011/2008,North,NorthAmerica,2008
A/Mexico/UASLP-012/2008,North,NorthAmerica,2008
A/Mexico/UASLP-014/2008,North,NorthAmerica,2008
A/Guangdong/94/2011,North,Asia,2011
A/Novosibirsk/76K/2011,North,Asia,2011
A/Novosibirsk/1927/2011,North,Asia,2011
A/Shantou/546/2010,North,Asia,2010
A/Vladivostok/59/2012,North,Asia,2012
A/Nizhniy_Novgorod/668/2008,North,Asia,2008
A/Ontario/014/2011,North,NorthAmerica,2011
A/Ontario/015/2011,North,NorthAmerica,2011
A/Ontario/017/2011,North,NorthAmerica,2011
A/Ontario/018/2011,North,NorthAmerica,2011
A/Ontario/019/2011,North,NorthAmerica,2011
A/Ontario/020/2011,North,NorthAmerica,2011
A/Ontario/021/2011,North,NorthAmerica,2011
A/Ontario/022/2011,North,NorthAmerica,2011
A/Ontario/023/2011,North,NorthAmerica,2011
A/Ontario/001/2010,North,NorthAmerica,2010
A/Ontario/004/2010,North,NorthAmerica,2010
A/Ontario/003/2010,North,NorthAmerica,2010
A/Ontario/005/2010,North,NorthAmerica,2010
A/Ontario/007/2010,North,NorthAmerica,2010
A/Ontario/006/2010,North,NorthAmerica,2010
A/Boston/DOA01/2011,North,NorthAmerica,2011
A/Boston/DOA02/2011,North,NorthAmerica,2011
A/Boston/DOA03/2011,North,NorthAmerica,2011
A/Boston/DOA04/2011,North,NorthAmerica,2011
A/Boston/DOA06/2011,North,NorthAmerica,2011
A/Boston/DOA09/2011,North,NorthAmerica,2011
A/Boston/DOA20/2011,North,NorthAmerica,2011
A/Boston/DOA51/2011,North,NorthAmerica,2011
A/Boston/DOA52/2011,North,NorthAmerica,2011
A/Boston/DOA61/2011,North,NorthAmerica,2011
A/Boston/DOA69/2011,North,NorthAmerica,2011
A/Boston/DOA71/2011,North,NorthAmerica,2011
A/Boston/DOA64/2011,North,NorthAmerica,2011
A/Boston/DOA77/2011,North,NorthAmerica,2011
A/Boston/DOA79/2011,North,NorthAmerica,2011
A/Boston/DOA82/2011,North,NorthAmerica,2011
A/Boston/DOA87/2011,North,NorthAmerica,2011
A/Netherlands/132/2004,North,Europe,2004
A/Netherlands/548/2005,North,Europe,2005
A/Netherlands/377/2008,North,Europe,2008
A/Netherlands/69/2009,North,Europe,2009
A/Netherlands/761/2009,North,Europe,2009
A/Netherlands/42/2006,North,Europe,2006
A/Netherlands/363/2006,North,Europe,2006
A/Netherlands/69/2007,North,Europe,2007
A/Netherlands/009/2010,North,Europe,2010
A/Netherlands/034/2010,North,Europe,2010
A/Petrozavodsk/RII01/2012,North,Asia,2012
A/Saint-Petersburg/RII03/2012,North,Asia,2012
A/Astrakhan/RII65/2011,North,Asia,2011
A/Novosibirsk/RII09/2012,North,Asia,2012
A/Tbilisi/GNCDC0557/2012,North,Asia,2012
A/Tbilisi/GNCDC0577/2012,North,Asia,2012
A/Boston/DOA16/2011,North,NorthAmerica,2011
A/Boston/DOA24/2011,North,NorthAmerica,2011
A/Boston/DOA42/2011,North,NorthAmerica,2011
A/Moscow/24/2009,North,Asia,2009
A/Penza/55/2008,North,Asia,2008
A/Moscow/02/2012,North,Asia,2012
A/Moscow/26/2009,North,Asia,2009
A/Vladivostok/10/2011,North,Asia,2011
A/Lipezk/225/2009,North,Asia,2009
A/Japan/3004/2012,North,Asia,2012
A/Boston/DOA27/2011,North,NorthAmerica,2011
A/Boston/DOA94/2012,North,NorthAmerica,2012
A/Czech_Republic/130/2012,North,Europe,2012
A/Czech_Republic/119/2012,North,Europe,2012
A/Czech_Republic/121/2012,North,Europe,2012
A/Czech_Republic/76/2012,North,Europe,2012
A/Czech_Republic/126/2012,North,Europe,2012
A/Czech_Republic/114/2012,North,Europe,2012
A/Czech_Republic/131/2012,North,Europe,2012
A/Czech_Republic/138/2012,North,Europe,2012
A/Novosibirsk/RII25/2012,North,Asia,2012
A/Saint_Petersburg/RII23/2012,North,Asia,2012
A/Saint_Petersburg/RII16/2012,North,Asia,2012
A/Saint_Petersburg/RII47/2012,North,Asia,2012
A/Ekaterinburg/RII06/2012,North,Asia,2012
A/Saint_Petersburg/RII60/2012,North,Asia,2012
A/Canterbury/104/2004,South,Oceania,2004
A/Waikato/12/2004,South,Oceania,2004
A/Western_Australia/79/2005,South,Oceania,2005
A/Queensland/52/2005,South,Oceania,2005
A/Canterbury/127/2005,South,Oceania,2005
A/Canterbury/258/2005,South,Oceania,2005
A/Auckland/617/2005,South,Oceania,2005
A/Brisbane/10/2007,South,Oceania,2007
A/Canterbury/200/2004,South,Oceania,2004
A/Sydney/DD2-02/2010,South,Oceania,2010
A/Tairawhiti/369/2004,South,Oceania,2004
A/Whanganui/417/2004,South,Oceania,2004
A/Canterbury/201/2004,South,Oceania,2004
A/Canterbury/29/2005,South,Oceania,2005
A/Canterbury/104/2005,South,Oceania,2005
A/Wellington/6/2004,South,Oceania,2004
A/Wellington/14/2004,South,Oceania,2004
A/Waikato/21/2004,South,Oceania,2004
A/Wellington/62/2004,South,Oceania,2004
A/Western_Australia/52/2004,South,Oceania,2004
A/Western_Australia/58/2004,South,Oceania,2004
A/Western_Australia/65/2005,South,Oceania,2005
A/Western_Australia/74/2005,South,Oceania,2005
A/Wellington/61/2004,South,Oceania,2004
A/Western_Australia/69/2005,South,Oceania,2005
A/Queensland/50/2004,South,Oceania,2004
A/Canterbury/18/2004,South,Oceania,2004
A/Canterbury/315/2004,South,Oceania,2004
A/Canterbury/64/2005,South,Oceania,2005
A/Canterbury/256/2005,South,Oceania,2005
A/Canterbury/253/2005,South,Oceania,2005
A/Waikato/1/2005,South,Oceania,2005
A/Waikato/9/2005,South,Oceania,2005
A/Otago/4/2005,South,Oceania,2005
A/Waikato/1/2004,South,Oceania,2004
A/Uruguay/716/2007,South,SouthAmerica,2007
A/Perth/16/2009,South,Oceania,2009
A/Australia/46/2009,South,Oceania,2009
A/Sydney/DD2-01/2010,South,Oceania,2010
A/Christchurch/10/2004,South,Oceania,2004
A/Christchurch/13/2004,South,Oceania,2004
A/Christchurch/15/2004,South,Oceania,2004
A/Canterbury/19/2004,South,Oceania,2004
A/Canterbury/102/2004,South,Oceania,2004
A/Canterbury/304/2004,South,Oceania,2004
A/Canterbury/210/2004,South,Oceania,2004
A/Canterbury/16/2005,South,Oceania,2005
A/Canterbury/24/2005,South,Oceania,2005
A/Canterbury/309/2004,South,Oceania,2004
A/Canterbury/236/2005,South,Oceania,2005
A/Canterbury/270/2005,South,Oceania,2005
A/Wellington/01/2004,South,Oceania,2004
A/Wellington/31/2004,South,Oceania,2004
A/Wellington/58/2004,South,Oceania,2004
A/Waikato/45/2004,South,Oceania,2004
A/Wellington/4/2004,South,Oceania,2004
A/Wellington/2/2005,South,Oceania,2005
A/Otago/1/2005,South,Oceania,2005
A/Waikato/12/2005,South,Oceania,2005
A/Wellington/4/2005,South,Oceania,2005
A/Wellington/5/2005,South,Oceania,2005
A/Waikato/15/2005,South,Oceania,2005
A/Western_Australia/55/2004,South,Oceania,2004
A/Western_Australia/68/2005,South,Oceania,2005
A/Queensland/42/2004,South,Oceania,2004
A/Western_Australia/67/2005,South,Oceania,2005
A/Queensland/54/2005,South,Oceania,2005
A/Auckland/621/2005,South,Oceania,2005
A/Victoria/502/2009,South,Oceania,2009
A/Australia/2/2009,South,Oceania,2009
A/Australia/19/2009,South,Oceania,2009
A/Australia/18/2009,South,Oceania,2009
A/Australia/55/2009,South,Oceania,2009
A/Australia/NHRC0013/2005,South,Oceania,2005
A/Australia/NHRC0012/2005,South,Oceania,2005
A/Australia/NHRC0001/2005,South,Oceania,2005
A/Canterbury/303/2004,South,Oceania,2004
A/Canterbury/11/2004,South,Oceania,2004
A/Canterbury/21/2004,South,Oceania,2004
A/Canterbury/108/2004,South,Oceania,2004
A/Canterbury/20/2005,South,Oceania,2005
A/Waikato/22/2004,South,Oceania,2004
A/Waikato/35/2004,South,Oceania,2004
A/Wellington/8/2005,South,Oceania,2005
A/Western_Australia/61/2004,South,Oceania,2004
A/Western_Australia/66/2005,South,Oceania,2005
A/Queensland/49/2004,South,Oceania,2004
A/Queensland/57/2005,South,Oceania,2005
A/Waikato/31/2004,South,Oceania,2004
A/TayNguyen/TN332/2005,Tropical,Asia,2005
A/Malaysia/29361/2004,Tropical,Asia,2004
A/Malaysia/31944/2005,Tropical,Asia,2005
A/Nepal/921/2006_X_PR8_X-165,Tropical,Asia,2006
A/Thailand/Siriraj-03/2004,Tropical,Asia,2004
A/HaNoi/GS0738/2007,Tropical,Asia,2007
A/Malaysia/29930/2004,Tropical,Asia,2004
A/Malaysia/1657167/2006,Tropical,Asia,2006
A/Malaysia/1674395/2006,Tropical,Asia,2006
A/Managua/29/2007,Tropical,SouthAmerica,2007
A/Managua/2/2007,Tropical,SouthAmerica,2007
A/Managua/33/2007,Tropical,SouthAmerica,2007
A/Managua/14/2007,Tropical,SouthAmerica,2007
A/Managua/7/2007,Tropical,SouthAmerica,2007
A/Managua/25/2007,Tropical,SouthAmerica,2007
A/Managua/17/2007,Tropical,SouthAmerica,2007
A/Managua/5/2007,Tropical,SouthAmerica,2007
A/Managua/26/2007,Tropical,SouthAmerica,2007
A/Managua/4902-01/2007,Tropical,SouthAmerica,2007
A/Managua/4127-01/2007,Tropical,SouthAmerica,2007
A/Managua/3556-01/2007,Tropical,SouthAmerica,2007
A/Managua/4348-01/2007,Tropical,SouthAmerica,2007
A/Managua/3012-01/2007,Tropical,SouthAmerica,2007
A/Philippines/16/2009,Tropical,Asia,2009
A/Singapore/39/2009,Tropical,Asia,2009
A/Djibouti/N04765/2009,Tropical,Africa,2009
A/Dakar/WRAIR0011T/2009,Tropical,Africa,2009
A/TayNguyen/TN368/2005,Tropical,Asia,2005
A/Hue/H521/2007,Tropical,Asia,2007
A/LangSon/LS218/2007,Tropical,Asia,2007
A/HaNoi/N035/2007,Tropical,Asia,2007
A/Malaysia/29997/2004,Tropical,Asia,2004
A/Malaysia/1768409/2007,Tropical,Asia,2007
A/Malaysia/1997829/2008,Tropical,Asia,2008
A/Thailand/CU-B110/2009,Tropical,Asia,2009
A/Thailand/CU-B1672/2009,Tropical,Asia,2009
A/Thailand/CU-B1697/2009,Tropical,Asia,2009
A/Thailand/CU-H16/2009,Tropical,Asia,2009
A/Djibouti/N04787/2009,Tropical,Africa,2009
A/Sao_Paulo/16363/2010,Tropical,SouthAmerica,2010
A/Acre/15093/2010,Tropical,SouthAmerica,2010
A/Acre/26954/2010,Tropical,SouthAmerica,2010
A/Managua/2867-01/2010,Tropical,SouthAmerica,2010
A/Managua/4763-03/2010,Tropical,SouthAmerica,2010
A/Managua/80-1/2010,Tropical,SouthAmerica,2010
A/Managua/305-10/2010,Tropical,SouthAmerica,2010
A/Thailand/CU-H1285/2010,Tropical,Asia,2010
A/Thailand/CU-H1443/2010,Tropical,Asia,2010
A/Cambodia/NHRCC00003/2009,Tropical,Asia,2009
A/Cambodia/NHRCC00008/2009,Tropical,Asia,2009
A/Cambodia/NHRCC00011/2009,Tropical,Asia,2009
A/Managua/3704-06/2010,Tropical,SouthAmerica,2010
A/Managua/1155-01/2010,Tropical,SouthAmerica,2010
A/Managua/3209-01/2010,Tropical,SouthAmerica,2010
A/Malaysia/NHRC0002/2004,Tropical,Asia,2004
A/Malaysia/NHRC0001/2004,Tropical,Asia,2004
A/Managua/2492-04/2010,Tropical,SouthAmerica,2010
A/Managua/3424-01/2010,Tropical,SouthAmerica,2010
A/Dakar/WRAIR0013N/2009,Tropical,Africa,2009
A/Guam/WRAIR1557P/2009,Tropical,Oceania,2009
A/Guam/WRAIR1670P/2009,Tropical,Oceania,2009
A/Bogota/WRAIR3457N/2010,Tropical,SouthAmerica,2010
A/Santo_Domingo/WRAIR3514T/2010,Tropical,SouthAmerica,2010
A/Santo_Domingo/WRAIR3516T/2010,Tropical,SouthAmerica,2010
A/Singapore/GP3448/2009,Tropical,Asia,2009
A/Singapore/GP586/2009,Tropical,Asia,2009
A/Singapore/N1604/2009,Tropical,Asia,2009
A/Singapore/N1607/2009,Tropical,Asia,2009
A/Singapore/GP3727/2010,Tropical,Asia,2010
A/Singapore/GP3872/2010,Tropical,Asia,2010
A/Singapore/GP4180/2010,Tropical,Asia,2010
A/Singapore/GP4278/2010,Tropical,Asia,2010
A/Singapore/GP4397/2010,Tropical,Asia,2010
A/Singapore/GP4453/2010,Tropical,Asia,2010
A/Singapore/GP4555/2010,Tropical,Asia,2010
A/Singapore/TT384/2010,Tropical,Asia,2010
A/Managua/615-02/2010,Tropical,SouthAmerica,2010
A/HaNoi/HN30110/2004,Tropical,Asia,2004
A/NamDinh/HN30119/2004,Tropical,Asia,2004
A/HaNoi/HN30136/2004,Tropical,Asia,2004
A/TayNguyen/TN340/2005,Tropical,Asia,2005
A/TayNguyen/TN346/2005,Tropical,Asia,2005
A/TayNguyen/TN360/2005,Tropical,Asia,2005
A/TayNguyen/TN381/2005,Tropical,Asia,2005
A/HaNoi/Q427/2005,Tropical,Asia,2005
A/HaNoi/Q924/2007,Tropical,Asia,2007
A/Singapore/GP5/2011,Tropical,Asia,2011
A/Singapore/C2010-036V/2010,Tropical,Asia,2010
A/Singapore/H2009-334C/2009,Tropical,Asia,2009
A/Singapore/H2010-321C/2010,Tropical,Asia,2010
A/Singapore/H2010-564C/2010,Tropical,Asia,2010
A/HaNoi/BM061/2007,Tropical,Asia,2007
A/HaNoi/BT17/2007,Tropical,Asia,2007
A/HaNoi/BT262/2007,Tropical,Asia,2007
A/HaNoi/GS0740/2007,Tropical,Asia,2007
A/Hue/H020/2007,Tropical,Asia,2007
A/HoaBinh/HB378/2007,Tropical,Asia,2007
A/LangSon/LS156/2007,Tropical,Asia,2007
A/HaNoi/N015/2007,Tropical,Asia,2007
A/HaNoi/N027/2007,Tropical,Asia,2007
A/HaNoi/N078/2007,Tropical,Asia,2007
A/HaNoi/Q011/2007,Tropical,Asia,2007
A/HaNoi/Q039/2007,Tropical,Asia,2007
A/HaNoi/Q118/2007,Tropical,Asia,2007
A/HaNoi/Q430/2007,Tropical,Asia,2007
A/HaNoi/Q502/2007,Tropical,Asia,2007
A/HaNoi/Q748/2007,Tropical,Asia,2007
A/HaNoi/TX050/2007,Tropical,Asia,2007
A/HaNoi/TX058/2007,Tropical,Asia,2007
A/BacNinh/N52/2007,Tropical,Asia,2007
A/KhanhHoa/KH466/2008,Tropical,Asia,2008
A/KhanhHoa/KH494/2008,Tropical,Asia,2008
A/TayNguyen/HCM955/2007,Tropical,Asia,2007
A/HaNoi/HN30147/2004,Tropical,Asia,2004
A/Hanoi/HN30240/2004,Tropical,Asia,2004
A/TayNguyen/TN335/2005,Tropical,Asia,2005
A/TayNguyen/TN348/2005,Tropical,Asia,2005
A/TayNguyen/TN367/2005,Tropical,Asia,2005
A/TayNguyen/TN388/2005,Tropical,Asia,2005
A/TayNguyen/TN393/2005,Tropical,Asia,2005
A/TayNguyen/TN403/2005,Tropical,Asia,2005
A/TayNguyen/TN405/2005,Tropical,Asia,2005
A/TayNguyen/TN410/2005,Tropical,Asia,2005
A/HaNoi/BM171/2007,Tropical,Asia,2007
A/HaNoi/BM38/2007,Tropical,Asia,2007
A/HaNoi/GS0737/2007,Tropical,Asia,2007
A/Hue/H515/2007,Tropical,Asia,2007
A/HaNoi/N080/2007,Tropical,Asia,2007
A/HaNoi/N210/2007,Tropical,Asia,2007
A/HaNoi/N317/2007,Tropical,Asia,2007
A/HaNoi/Q031/2007,Tropical,Asia,2007
A/HaNoi/Q094/2007,Tropical,Asia,2007
A/HaNoi/Q099/2007,Tropical,Asia,2007
A/HaNoi/Q148/2007,Tropical,Asia,2007
A/HaNam/Q187/2007,Tropical,Asia,2007
A/HaNoi/Q220/2007,Tropical,Asia,2007
A/HaNoi/Q464/2007,Tropical,Asia,2007
A/HaNoi/Q492/2007,Tropical,Asia,2007
A/HaNoi/Q545/2007,Tropical,Asia,2007
A/HaNoi/Q578/2007,Tropical,Asia,2007
A/HaNoi/Q638/2007,Tropical,Asia,2007
A/TayNguyen/TN341/2007,Tropical,Asia,2007
A/TayNguyen/TN367/2007,Tropical,Asia,2007
A/HaNoi/TX022/2007,Tropical,Asia,2007
A/DaNang/DN453/2008,Tropical,Asia,2008
A/KhanhHoa/KH363/2008,Tropical,Asia,2008
A/KhanhHoa/KH474/2008,Tropical,Asia,2008
A/KhanhHoa/KH475/2008,Tropical,Asia,2008
A/TayNguyen/HCM52/2006,Tropical,Asia,2006
A/Kenya/078/2010,Tropical,Africa,2010
A/Kenya/80/2010,Tropical,Africa,2010
A/Kenya/091/2010,Tropical,Africa,2010
A/Kenya/095/2010,Tropical,Africa,2010
A/Kenya/096/2010,Tropical,Africa,2010
A/Malaysia/1777545/2007,Tropical,Asia,2007
A/Malaysia/1779027/2007,Tropical,Asia,2007
A/Malaysia/1912341/2007,Tropical,Asia,2007
A/Malaysia/1918618/2007,Tropical,Asia,2007
A/Malaysia/1959476/2008,Tropical,Asia,2008
A/Malaysia/28114/2004,Tropical,Asia,2004
A/Malaysia/28991/2004,Tropical,Asia,2004
A/Malaysia/29197/2004,Tropical,Asia,2004
A/Malaysia/29242/2004,Tropical,Asia,2004
A/Malaysia/29350/2004,Tropical,Asia,2004
A/Malaysia/29711/2004,Tropical,Asia,2004
A/Malaysia/29890/2004,Tropical,Asia,2004
A/Malaysia/31998/2005,Tropical,Asia,2005
A/Malaysia/32171/2005,Tropical,Asia,2005
A/Malaysia/32133/2005,Tropical,Asia,2005
A/Malaysia/32226/2005,Tropical,Asia,2005
A/Malaysia/1665090/2006,Tropical,Asia,2006
A/Malaysia/1767091/2007,Tropical,Asia,2007
A/Singapore/GP1084/2011,Tropical,Asia,2011
A/Singapore/H2010-666C/2010,Tropical,Asia,2010
A/Distrito_Federal/86727/2010,Tropical,SouthAmerica,2010
A/Distrito_Federal/93487/2010,Tropical,SouthAmerica,2010
A/Sao_Paulo/11-21152/2010,Tropical,SouthAmerica,2010
A/Sao_Paulo/161110/2010,Tropical,SouthAmerica,2010
A/Sao_Paulo/09-73/2011,Tropical,SouthAmerica,2011
A/Sao_Paulo/11-1800/2011,Tropical,SouthAmerica,2011
A/Rondonia/3410/2011,Tropical,SouthAmerica,2011
A/Sao_Paulo/4184/2011,Tropical,SouthAmerica,2011
A/Mato_Grosso/11689/2011,Tropical,SouthAmerica,2011
A/Piaui/14211/2011,Tropical,SouthAmerica,2011
A/Sao_Paulo/11245/2011,Tropical,SouthAmerica,2011
A/Sao_Paulo/16761/2011,Tropical,SouthAmerica,2011
A/Sao_Paulo/32892/2011,Tropical,SouthAmerica,2011
A/Distrito_Federal/40421/2011,Tropical,SouthAmerica,2011
A/Sao_Paulo/11-14557/2011,Tropical,SouthAmerica,2011
A/Malaysia/33386/2005,Tropical,Asia,2005
A/Malaysia/33827/2006,Tropical,Asia,2006
A/Malaysia/34015/2006,Tropical,Asia,2006
A/Malaysia/1676558/2006,Tropical,Asia,2006
A/Malaysia/1681079/2006,Tropical,Asia,2006
A/Malaysia/1755590/2007,Tropical,Asia,2007
A/Malaysia/1773914/2007,Tropical,Asia,2007
A/Malaysia/1781328/2007,Tropical,Asia,2007
A/Malaysia/1922209/2008,Tropical,Asia,2008
A/Malaysia/1959864/2008,Tropical,Asia,2008
A/Malaysia/1770921/2007,Tropical,Asia,2007
A/Malaysia/2205714/2009,Tropical,Asia,2009
A/Singapore/EN122/2011,Tropical,Asia,2011
A/Singapore/EN401/2011,Tropical,Asia,2011
A/Singapore/EN514/2011,Tropical,Asia,2011
A/Singapore/GP1030/2011,Tropical,Asia,2011
A/Singapore/GP1098/2011,Tropical,Asia,2011
A/Singapore/GP1155/2011,Tropical,Asia,2011
A/Singapore/GP125/2011,Tropical,Asia,2011
A/Singapore/GP1382/2011,Tropical,Asia,2011
A/Singapore/GP1406/2011,Tropical,Asia,2011
A/Singapore/GP1442/2011,Tropical,Asia,2011
A/Singapore/GP1446/2011,Tropical,Asia,2011
A/Singapore/GP1561/2011,Tropical,Asia,2011
A/Singapore/GP1592/2011,Tropical,Asia,2011
A/Singapore/GP1655/2011,Tropical,Asia,2011
A/Singapore/GP1684/2011,Tropical,Asia,2011
A/Singapore/GP1726/2011,Tropical,Asia,2011
A/Singapore/GP1751/2011,Tropical,Asia,2011
A/Singapore/GP1797/2011,Tropical,Asia,2011
A/Singapore/GP1818/2011,Tropical,Asia,2011
A/Singapore/GP380/2011,Tropical,Asia,2011
A/Singapore/GP429/2011,Tropical,Asia,2011
A/Singapore/GP898/2011,Tropical,Asia,2011
A/Singapore/GP995/2011,Tropical,Asia,2011
A/Singapore/KK118/2011,Tropical,Asia,2011
A/Singapore/KK308/2011,Tropical,Asia,2011
A/Singapore/KK316/2011,Tropical,Asia,2011
A/Singapore/KK398/2011,Tropical,Asia,2011
A/Singapore/KK413/2011,Tropical,Asia,2011
A/Singapore/KK427/2011,Tropical,Asia,2011
A/Singapore/KK505/2011,Tropical,Asia,2011
A/Singapore/KK535/2011,Tropical,Asia,2011
A/Singapore/KK566/2011,Tropical,Asia,2011
A/Singapore/KK581/2011,Tropical,Asia,2011
A/Singapore/KK7/2011,Tropical,Asia,2011
A/Singapore/SGH04/2011,Tropical,Asia,2011
A/Singapore/TT210/2011,Tropical,Asia,2011
A/Singapore/TT241/2011,Tropical,Asia,2011
A/Singapore/TT416/2011,Tropical,Asia,2011
A/Singapore/TT430/2011,Tropical,Asia,2011
A/Singapore/TT481/2011,Tropical,Asia,2011
A/Singapore/TT556/2011,Tropical,Asia,2011
A/Singapore/TT558/2011,Tropical,Asia,2011
A/Singapore/TT562/2011,Tropical,Asia,2011
A/Singapore/TT608/2011,Tropical,Asia,2011
A/Singapore/TT609/2011,Tropical,Asia,2011
A/Singapore/TT673/2011,Tropical,Asia,2011
A/Singapore/TT702/2011,Tropical,Asia,2011
A/Singapore/TT713/2011,Tropical,Asia,2011
A/Singapore/TT717/2011,Tropical,Asia,2011
A/Singapore/TT765/2011,Tropical,Asia,2011
A/Singapore/TT766/2011,Tropical,Asia,2011
A/Singapore/TT787/2011,Tropical,Asia,2011
A/Singapore/TT802/2011,Tropical,Asia,2011
A/Singapore/TT815/2011,Tropical,Asia,2011
A/Singapore/TT816/2011,Tropical,Asia,2011
A/Singapore/TT869/2011,Tropical,Asia,2011
A/Singapore/TT879/2011,Tropical,Asia,2011
A/Singapore/C2009-458V/2009,Tropical,Asia,2009
A/Singapore/C2009-518V/2009,Tropical,Asia,2009
A/Singapore/C2009-803bV/2009,Tropical,Asia,2009
A/Singapore/C2010-304V/2010,Tropical,Asia,2010
A/Singapore/C2010-362V/2010,Tropical,Asia,2010
A/Singapore/C2010-682V/2010,Tropical,Asia,2010
A/Singapore/C2011-507V/2011,Tropical,Asia,2011
A/Singapore/C2011-584V/2011,Tropical,Asia,2011
A/Singapore/H2009-332C/2009,Tropical,Asia,2009
A/Singapore/H2010-370C/2010,Tropical,Asia,2010
A/Singapore/H2010-471C/2010,Tropical,Asia,2010
A/Singapore/H2010-559C/2010,Tropical,Asia,2010
A/Singapore/H2011-140C/2011,Tropical,Asia,2011
A/Singapore/H2011-808bC/2011,Tropical,Asia,2011
A/Singapore/C2011-545C/2011,Tropical,Asia,2011
A/Tocantins/4641/2011,Tropical,SouthAmerica,2011
